size,time
200, 3.060784e-01
400, 2.391765
1000,65.19267
700,1.879753e+01
700,1.879753e+01
