size,frametime
100,3.798490e-02
200,2.873853e-01
300,9.590105e-01
400,2.271638e+00
500,4.474125e+00
600,7.961668e+00
700,1.248065e+01
800,1.938699e+01
900,2.786183e+01
