size,frametime
100,2.237135e-02
200,7.211576e-02
300,1.623322e-01
400,4.956017e-01
500,7.837206e-01
600,1.209327e+00
700,2.114112e+00
800,3.021440e+00
900,4.686804e+00
1000,6.397077e+00
