size,frametime
100,3.099952e-02
200,2.340441e-01
300,7.800373e-01
400,1.845720e+00
500,3.681326e+00
600,6.563795e+00
700,1.031208e+01
800,1.629538e+01
900,2.209225e+01
