size,frametime
100,9.978700e-03
200,6.709163e-02
300,2.179111e-01
400,5.078290e-01
500,1.059221e+00
600,1.718847e+00
700,2.742252e+00
800,4.198996e+00
900,6.164930e+00
