size,frametime
100,1.662019e-02
200,3.988868e-02
300,1.256347e-01
400,2.991204e-01
500,5.745413e-01
600,9.977494e-01
700,1.685908e+00
800,2.664847e+00
900,3.891760e+00
