size,frametime
100,3.305213e-02
200,2.482451e-01
300,8.330365e-01
400,1.966538e+00
500,3.865820e+00
600,7.077543e+00
700,1.070409e+01
800,1.609806e+01
900,2.306396e+01
